{
  "collapse-filter": true,
  "search": "",
  "showTags": true,
  "showAttachments": false,
  "hideUnresolved": false,
  "showOrphans": false,
  "collapse-color-groups": true,
  "colorGroups": [
    {
      "query": "tag:#h0  ",
      "color": {
        "a": 1,
        "rgb": 9384498
      }
    },
    {
      "query": "",
      "color": {
        "a": 1,
        "rgb": 14069084
      }
    }
  ],
  "collapse-display": true,
  "showArrow": false,
  "textFadeMultiplier": -3,
  "nodeSizeMultiplier": 5,
  "lineSizeMultiplier": 1.1419677734375,
  "collapse-forces": true,
  "centerStrength": 0.393461486395018,
  "repelStrength": 20,
  "linkStrength": 0.711520238256396,
  "linkDistance": 184,
  "scale": 0.3775142429630601,
  "close": true
}