{
  "main": {
    "id": "9980a56359ce33de",
    "type": "split",
    "children": [
      {
        "id": "14f1dc4adc9dfbc5",
        "type": "tabs",
        "children": [
          {
            "id": "9d9aa789050c360d",
            "type": "leaf",
            "pinned": true,
            "state": {
              "type": "graph",
              "state": {},
              "pinned": true,
              "icon": "lucide-git-fork",
              "title": "Graph view"
            }
          },
          {
            "id": "00c1e032122d3a40",
            "type": "leaf",
            "state": {
              "type": "markdown",
              "state": {
                "file": "II/4/4.4/4.4.2/4.4.2 משפטים.md",
                "mode": "source",
                "source": false
              },
              "icon": "lucide-file",
              "title": "4.4.2 משפטים"
            }
          },
          {
            "id": "4874adb6cb6bcb7e",
            "type": "leaf",
            "state": {
              "type": "markdown",
              "state": {
                "file": "IV/9/9.3/9.3.4/9.3.4 משפט דיריכלה והלמה של אבל.md",
                "mode": "source",
                "source": false
              },
              "icon": "lucide-file",
              "title": "9.3.4 משפט דיריכלה והלמה של אבל"
            }
          },
          {
            "id": "21383a45643ea591",
            "type": "leaf",
            "state": {
              "type": "markdown",
              "state": {
                "file": "IV/9/9.1/9.1 טורים, כללי.md",
                "mode": "source",
                "source": false
              },
              "icon": "lucide-file",
              "title": "9.1 טורים, כללי"
            }
          },
          {
            "id": "dc77b7587dc0e156",
            "type": "leaf",
            "state": {
              "type": "markdown",
              "state": {
                "file": "IV/9/9.3/9.3.4/9.3.4 משפט דיריכלה והלמה של אבל.md",
                "mode": "source",
                "source": false
              },
              "icon": "lucide-file",
              "title": "9.3.4 משפט דיריכלה והלמה של אבל"
            }
          },
          {
            "id": "49182af437f5b1da",
            "type": "leaf",
            "state": {
              "type": "markdown",
              "state": {
                "file": "IV/9/9.3/9.3.1/9.3.1 התכנסות בהחלט של טורים כלליים.md",
                "mode": "source",
                "source": false
              },
              "icon": "lucide-file",
              "title": "9.3.1 התכנסות בהחלט של טורים כלליים"
            }
          },
          {
            "id": "aea5a2475fa6da23",
            "type": "leaf",
            "state": {
              "type": "markdown",
              "state": {
                "file": "IV/9/9.2/9.2 טורים אי-שליליים והתכנסותם.md",
                "mode": "source",
                "source": false
              },
              "icon": "lucide-file",
              "title": "9.2 טורים אי-שליליים והתכנסותם"
            }
          }
        ],
        "currentTab": 6
      }
    ],
    "direction": "vertical"
  },
  "left": {
    "id": "85fbc52727aeae0e",
    "type": "mobile-drawer",
    "children": [
      {
        "id": "4c0ea7e926b266d3",
        "type": "leaf",
        "state": {
          "type": "file-explorer",
          "state": {
            "sortOrder": "alphabetical"
          },
          "icon": "lucide-folder-closed",
          "title": "Files"
        }
      },
      {
        "id": "384f4ff18bcd2718",
        "type": "leaf",
        "state": {
          "type": "search",
          "state": {
            "query": "",
            "matchingCase": false,
            "explainSearch": false,
            "collapseAll": false,
            "extraContext": false,
            "sortOrder": "alphabetical"
          },
          "icon": "lucide-search",
          "title": "Search"
        }
      },
      {
        "id": "0af230b8c4430d83",
        "type": "leaf",
        "state": {
          "type": "tag",
          "state": {
            "sortOrder": "frequency",
            "useHierarchy": true
          },
          "icon": "lucide-tags",
          "title": "Tags"
        }
      },
      {
        "id": "e4b55cf604049666",
        "type": "leaf",
        "state": {
          "type": "bookmarks",
          "state": {},
          "icon": "lucide-bookmark",
          "title": "Bookmarks"
        }
      }
    ],
    "currentTab": 0
  },
  "right": {
    "id": "16ec801c89802b18",
    "type": "mobile-drawer",
    "children": [
      {
        "id": "6f693195a2b7cda5",
        "type": "leaf",
        "state": {
          "type": "backlink",
          "state": {
            "file": "III/6/6.2/6.2 אינטגרביליות והאינטגרל המסויים.md",
            "collapseAll": false,
            "extraContext": false,
            "sortOrder": "alphabetical",
            "showSearch": false,
            "searchQuery": "",
            "backlinkCollapsed": false,
            "unlinkedCollapsed": true
          },
          "icon": "links-coming-in",
          "title": "Backlinks"
        }
      },
      {
        "id": "f3bf115dfbb23364",
        "type": "leaf",
        "state": {
          "type": "outgoing-link",
          "state": {
            "file": "II/4/4.1/4.1.1/4.1.1 הגדרת הנגזרת.md",
            "linksCollapsed": false,
            "unlinkedCollapsed": true
          },
          "icon": "links-going-out",
          "title": "Outgoing links"
        }
      },
      {
        "id": "d9f2feb25ba9541a",
        "type": "leaf",
        "state": {
          "type": "outline",
          "state": {
            "file": "II/4/4.1/4.1.1/4.1.1 הגדרת הנגזרת.md"
          },
          "icon": "lucide-list",
          "title": "Outline"
        }
      }
    ],
    "currentTab": 0
  },
  "left-ribbon": {
    "hiddenItems": {
      "switcher:Open quick switcher": false,
      "graph:Open graph view": false,
      "canvas:Create new canvas": false,
      "daily-notes:Open today's daily note": false,
      "templates:Insert template": false,
      "command-palette:Open command palette": false
    }
  },
  "active": "aea5a2475fa6da23",
  "lastOpenFiles": [
    "IV/9/9 מבחני השוואה להתכנסות.md",
    "IV/9/9.1/9.1 טורים, כללי.md",
    "IV/9/9.3/9.3.1/9.3.1 התכנסות בהחלט של טורים כלליים.md",
    "IV/9/9.3/9.3.4/9.3.4 משפט דיריכלה והלמה של אבל.md",
    "IV/9/9.3/9.3 טורים כלליים והתכנסות בהחלט.md",
    "IV/9/9.2/9.2 טורים אי-שליליים והתכנסותם.md",
    "III/6/6.2/6.2 אינטגרביליות והאינטגרל המסויים.md",
    "III/6/6 אינטגרביליות והאינטגרל המסויים.md",
    "II/4/4.4/4.4.2/4.4.2 משפטים.md",
    "II/4/4.4/4.4 פונקציות טריגונומטריות.md",
    "II/5/5.2/5.2.2/5.2.2 פולינומים חשובים.md",
    "II/5/5.2/5.2.1/5.2.1 פולינומי טיילור.md",
    "III/6/6.1/6.1 סכומי דרבו.md",
    "II/4/4.1/4.1.1/4.1.1 הגדרת הנגזרת.md",
    "II/4/4.4/4.4.1/4.4.1 זהויות והגדרות.md",
    "II/5/5.2/5.2 פולינומי טיילור.md",
    "IV/10/10.2/10.2 שינוי סדר.md",
    "IV/10/10 פעולות ומניפולציות על טורים.md",
    "IV/10/10.1/10.1 אסוציאטיביות בטורים.md",
    "II/4/4.1/4.1 נגזרת של פונקציה בנקודה.md",
    "I/1/1 הגדרות ומושגים.md",
    "I/חלק I ‫כללי, הגדרות, תזכורות ומושגים.md",
    "‎⁨רשימת משפטים לזכירת הוכחה⁩.pdf",
    "III/6/6.4/6.4 סכומי רימן.md"
  ]
}