{
  "main": {
    "id": "709b76d6df202f55",
    "type": "split",
    "children": [
      {
        "id": "edc001fcdadb111b",
        "type": "tabs",
        "children": [
          {
            "id": "febd6b2763c066d1",
            "type": "leaf",
            "pinned": true,
            "state": {
              "type": "graph",
              "state": {},
              "pinned": true,
              "icon": "lucide-git-fork",
              "title": "Graph view"
            }
          },
          {
            "id": "1774bce20af503c7",
            "type": "leaf",
            "state": {
              "type": "markdown",
              "state": {
                "file": "IV/11/11 סדרות וטורי פונקציות.md",
                "mode": "source",
                "source": false
              },
              "icon": "lucide-file",
              "title": "11 סדרות וטורי פונקציות"
            }
          },
          {
            "id": "f2ad2cadfffaa948",
            "type": "leaf",
            "state": {
              "type": "markdown",
              "state": {
                "file": "IV/11/11.2/11.2 התכנסות במידה שווה.md",
                "mode": "source",
                "source": false
              },
              "icon": "lucide-file",
              "title": "11.2 התכנסות במידה שווה"
            }
          },
          {
            "id": "349b76ede016a281",
            "type": "leaf",
            "state": {
              "type": "markdown",
              "state": {
                "file": "IV/9/9.2/9.2 טורים אי-שליליים והתכנסותם.md",
                "mode": "source",
                "source": false
              },
              "icon": "lucide-file",
              "title": "9.2 טורים אי-שליליים והתכנסותם"
            }
          },
          {
            "id": "2fd842ff2d97744c",
            "type": "leaf",
            "state": {
              "type": "markdown",
              "state": {
                "file": "IV/12/12 טורי חזקות.md",
                "mode": "source",
                "source": false
              },
              "icon": "lucide-file",
              "title": "12 טורי חזקות"
            }
          },
          {
            "id": "5e1ced15c7b1eaf8",
            "type": "leaf",
            "state": {
              "type": "markdown",
              "state": {
                "file": "IV/9/9.1/9.1 טורים, כללי.md",
                "mode": "source",
                "source": false
              },
              "icon": "lucide-file",
              "title": "9.1 טורים, כללי"
            }
          }
        ]
      }
    ],
    "direction": "vertical"
  },
  "left": {
    "id": "9ae8e8a721beb0df",
    "type": "split",
    "children": [
      {
        "id": "75a2bcf237d44c89",
        "type": "tabs",
        "children": [
          {
            "id": "97db1ae204595cd6",
            "type": "leaf",
            "state": {
              "type": "file-explorer",
              "state": {
                "sortOrder": "alphabetical"
              },
              "icon": "lucide-folder-closed",
              "title": "Files"
            }
          },
          {
            "id": "d721bbd22633d643",
            "type": "leaf",
            "state": {
              "type": "search",
              "state": {
                "query": "tag:#convergeTests",
                "matchingCase": false,
                "explainSearch": false,
                "collapseAll": false,
                "extraContext": false,
                "sortOrder": "alphabetical"
              },
              "icon": "lucide-search",
              "title": "Search"
            }
          },
          {
            "id": "2d7bcf12f45d9480",
            "type": "leaf",
            "state": {
              "type": "bookmarks",
              "state": {},
              "icon": "lucide-bookmark",
              "title": "Bookmarks"
            }
          }
        ],
        "currentTab": 1
      }
    ],
    "direction": "horizontal",
    "width": 200
  },
  "right": {
    "id": "09860dc69c473ac9",
    "type": "split",
    "children": [
      {
        "id": "34804bd49c1ac6f7",
        "type": "tabs",
        "children": [
          {
            "id": "ebb60f0f2de65b42",
            "type": "leaf",
            "state": {
              "type": "backlink",
              "state": {
                "file": "II/4/4.5/4.5.2/4.5.2 נקודות מיוחדות.md",
                "collapseAll": false,
                "extraContext": false,
                "sortOrder": "alphabetical",
                "showSearch": false,
                "searchQuery": "",
                "backlinkCollapsed": false,
                "unlinkedCollapsed": true
              },
              "icon": "links-coming-in",
              "title": "Backlinks for 4.5.2 נקודות מיוחדות"
            }
          },
          {
            "id": "bafadf46bd768f4f",
            "type": "leaf",
            "state": {
              "type": "outgoing-link",
              "state": {
                "file": "II/4/4.5/4.5.2/4.5.2 נקודות מיוחדות.md",
                "linksCollapsed": false,
                "unlinkedCollapsed": true
              },
              "icon": "links-going-out",
              "title": "Outgoing links from 4.5.2 נקודות מיוחדות"
            }
          },
          {
            "id": "58d922909f0ff945",
            "type": "leaf",
            "state": {
              "type": "tag",
              "state": {
                "sortOrder": "frequency",
                "useHierarchy": true
              },
              "icon": "lucide-tags",
              "title": "Tags"
            }
          },
          {
            "id": "5e9a9ab6890f733b",
            "type": "leaf",
            "state": {
              "type": "outline",
              "state": {
                "file": "II/4/4.5/4.5.2/4.5.2 נקודות מיוחדות.md"
              },
              "icon": "lucide-list",
              "title": "Outline of 4.5.2 נקודות מיוחדות"
            }
          }
        ],
        "currentTab": 3
      }
    ],
    "direction": "horizontal",
    "width": 300,
    "collapsed": true
  },
  "left-ribbon": {
    "hiddenItems": {
      "switcher:Open quick switcher": false,
      "graph:Open graph view": false,
      "canvas:Create new canvas": false,
      "daily-notes:Open today's daily note": false,
      "templates:Insert template": false,
      "command-palette:Open command palette": false
    }
  },
  "active": "febd6b2763c066d1",
  "lastOpenFiles": [
    "IV/9/9.1/9.1 טורים, כללי.md",
    "IV/12/12 טורי חזקות.md",
    "IV/11/11.2/#11.2.lyx#",
    "IV/11/#11.lyx#",
    "IV/11/11 סדרות וטורי פונקציות.md",
    "IV/11/11.2/11.2.lyx~",
    "IV/11/11.2/11.2.lyx",
    "IV/11/11.2/11.lyx",
    "IV/11/11.2/11.2 התכנסות במידה שווה.md",
    "IV/11/11.2",
    "IV/11/11.1/11.1.pdf",
    "IV/11/11.1/11.1.lyx~",
    "IV/11/11.1/11.1.lyx",
    "IV/11/11.1/11.lyx",
    "IV/11/11.1/11.1 התכנסות נקודתית.md",
    "IV/9/9.3/9.3.3/9.3.3 טורי ומשפט לייבניץ.md",
    "IV/9/9.3/9.3 טורים כלליים והתכנסות בהחלט.md",
    "Untitled.canvas",
    "IV/9/9.3/9.3.1/9.3.1 התכנסות בהחלט של טורים כלליים.md",
    "IV/9/9.3/9.3.2/9.3.2 התכנסות בתנאי של טורים כלליים.md",
    "IV/9/9.3/9.3.4/9.3.4 משפט דיריכלה והלמה של אבל.md",
    "IV/9/9.2/9.2 טורים אי-שליליים והתכנסותם.md",
    "I/3/3.1/3.1 רציפות במידה שווה וליפשיציות.md",
    "II/5/5.2/5.2.1/5.2.1 פולינומי טיילור.md",
    "II/5/5.2/5.2 פולינומי טיילור.md",
    "IV/9/9 מבחני השוואה להתכנסות.md",
    "III/6/6.2/6.2 אינטגרביליות והאינטגרל המסויים.md",
    "III/6/6.1/6.1 סכומי דרבו.md",
    "III/8/8.2/8.2 מבחני השוואה להתכנסות והתכנסות בהחלט.md",
    "III/6/6.4/6.4 סכומי רימן.md",
    "III/8/8 אינטגרלים לא אמיתיים.md",
    "III/8/8.1/8.1 סוגים של אינטגרלים לא אמיתיים.md",
    "III/7/7.1/7.1 המשפט היסודי והנוסחה היסודית של החשבון האינטגרלי.md",
    "III/7/7.2/7.2 פונקציית רימן ושיטות אינטגרציה.md",
    "II/4/4.5/4.5.2/4.5.2 נקודות מיוחדות.md",
    "II/4/4.5/4.5.3/4.5.3 לופיטל.md",
    "II/4/4.5/4.5 פעולות, מניפולציות ונקודות מיוחדות בנגזרת.md",
    "Pasted image 20240831175307.png",
    "Pasted image 20240829141242.png"
  ]
}